"STATION","NAME","LATITUDE","LONGITUDE","ELEVATION","DATE","TAVG","TAVG_ATTRIBUTES","TMAX","TMAX_ATTRIBUTES","TMIN","TMIN_ATTRIBUTES"
"USW00093225","SACRAMENTO METROPOLITAN AIRPORT, CA US","38.70069","-121.59479","7.5","2024-01-01",,,"61",",,W","44",",,W"
"USW00093225","SACRAMENTO METROPOLITAN AIRPORT, CA US","38.70069","-121.59479","7.5","2024-01-02",,,"53",",,W","45",",,W"
"USW00093225","SACRAMENTO METROPOLITAN AIRPORT, CA US","38.70069","-121.59479","7.5","2024-01-03",,,"58",",,W","43",",,W"
"USW00093225","SACRAMENTO METROPOLITAN AIRPORT, CA US","38.70069","-121.59479","7.5","2024-01-04",,,"60",",,W","37",",,W"
"USW00093225","SACRAMENTO METROPOLITAN AIRPORT, CA US","38.70069","-121.59479","7.5","2024-01-05",,,"61",",,W","39",",,W"
"USW00093225","SACRAMENTO METROPOLITAN AIRPORT, CA US","38.70069","-121.59479","7.5","2024-01-06",,,"50",",,W","36",",,W"
"USW00093225","SACRAMENTO METROPOLITAN AIRPORT, CA US","38.70069","-121.59479","7.5","2024-01-07",,,"54",",,W","32",",,W"
"USW00093225","SACRAMENTO METROPOLITAN AIRPORT, CA US","38.70069","-121.59479","7.5","2024-01-08",,,"55",",,W","35",",,W"
"USW00093225","SACRAMENTO METROPOLITAN AIRPORT, CA US","38.70069","-121.59479","7.5","2024-01-09",,,"52",",,W","47",",,W"
"USW00093225","SACRAMENTO METROPOLITAN AIRPORT, CA US","38.70069","-121.59479","7.5","2024-01-10",,,"58",",,W","38",",,W"
"USW00093225","SACRAMENTO METROPOLITAN AIRPORT, CA US","38.70069","-121.59479","7.5","2024-01-11",,,"55",",,W","38",",,W"
"USW00093225","SACRAMENTO METROPOLITAN AIRPORT, CA US","38.70069","-121.59479","7.5","2024-01-12",,,"52",",,W","37",",,W"
"USW00093225","SACRAMENTO METROPOLITAN AIRPORT, CA US","38.70069","-121.59479","7.5","2024-01-13",,,"51",",,W","46",",,W"
"USW00093225","SACRAMENTO METROPOLITAN AIRPORT, CA US","38.70069","-121.59479","7.5","2024-01-14",,,"54",",,W","48",",,W"
"USW00093225","SACRAMENTO METROPOLITAN AIRPORT, CA US","38.70069","-121.59479","7.5","2024-01-15",,,"59",",,W","42",",,W"
"USW00093225","SACRAMENTO METROPOLITAN AIRPORT, CA US","38.70069","-121.59479","7.5","2024-01-16",,,"53",",,W","43",",,W"
"USW00093225","SACRAMENTO METROPOLITAN AIRPORT, CA US","38.70069","-121.59479","7.5","2024-01-17",,,"63",",,W","45",",,W"
"USW00093225","SACRAMENTO METROPOLITAN AIRPORT, CA US","38.70069","-121.59479","7.5","2024-01-18",,,"59",",,W","42",",,W"
"USW00093225","SACRAMENTO METROPOLITAN AIRPORT, CA US","38.70069","-121.59479","7.5","2024-01-19",,,"59",",,W","46",",,W"
"USW00093225","SACRAMENTO METROPOLITAN AIRPORT, CA US","38.70069","-121.59479","7.5","2024-01-20",,,"61",",,W","54",",,W"
"USW00093225","SACRAMENTO METROPOLITAN AIRPORT, CA US","38.70069","-121.59479","7.5","2024-01-21",,,"62",",,W","54",",,W"
"USW00093225","SACRAMENTO METROPOLITAN AIRPORT, CA US","38.70069","-121.59479","7.5","2024-01-22",,,"62",",,W","55",",,W"
"USW00093225","SACRAMENTO METROPOLITAN AIRPORT, CA US","38.70069","-121.59479","7.5","2024-01-23",,,"63",",,W","55",",,W"
"USW00093225","SACRAMENTO METROPOLITAN AIRPORT, CA US","38.70069","-121.59479","7.5","2024-01-24",,,"58",",,W","54",",,W"
"USW00093225","SACRAMENTO METROPOLITAN AIRPORT, CA US","38.70069","-121.59479","7.5","2024-01-25",,,"60",",,W","46",",,W"
"USW00093225","SACRAMENTO METROPOLITAN AIRPORT, CA US","38.70069","-121.59479","7.5","2024-01-26",,,"61",",,W","50",",,W"
"USW00093225","SACRAMENTO METROPOLITAN AIRPORT, CA US","38.70069","-121.59479","7.5","2024-01-27",,,"63",",,W","48",",,W"
"USW00093225","SACRAMENTO METROPOLITAN AIRPORT, CA US","38.70069","-121.59479","7.5","2024-01-28",,,"71",",,W","50",",,W"
"USW00093225","SACRAMENTO METROPOLITAN AIRPORT, CA US","38.70069","-121.59479","7.5","2024-01-29",,,"69",",,W","46",",,W"
"USW00093225","SACRAMENTO METROPOLITAN AIRPORT, CA US","38.70069","-121.59479","7.5","2024-01-30",,,"70",",,W","49",",,W"
"USW00093225","SACRAMENTO METROPOLITAN AIRPORT, CA US","38.70069","-121.59479","7.5","2024-01-31",,,"62",",,W","55",",,W"
"USW00093225","SACRAMENTO METROPOLITAN AIRPORT, CA US","38.70069","-121.59479","7.5","2024-02-01",,,"61",",,W","51",",,W"
"USW00093225","SACRAMENTO METROPOLITAN AIRPORT, CA US","38.70069","-121.59479","7.5","2024-02-02",,,"60",",,W","46",",,W"
"USW00093225","SACRAMENTO METROPOLITAN AIRPORT, CA US","38.70069","-121.59479","7.5","2024-02-03",,,"55",",,W","42",",,W"
"USW00093225","SACRAMENTO METROPOLITAN AIRPORT, CA US","38.70069","-121.59479","7.5","2024-02-04",,,"64",",,W","46",",,W"
"USW00093225","SACRAMENTO METROPOLITAN AIRPORT, CA US","38.70069","-121.59479","7.5","2024-02-05",,,"61",",,W","52",",,W"
"USW00093225","SACRAMENTO METROPOLITAN AIRPORT, CA US","38.70069","-121.59479","7.5","2024-02-06",,,"59",",,W","45",",,W"
"USW00093225","SACRAMENTO METROPOLITAN AIRPORT, CA US","38.70069","-121.59479","7.5","2024-02-07",,,"50",",,W","44",",,W"
"USW00093225","SACRAMENTO METROPOLITAN AIRPORT, CA US","38.70069","-121.59479","7.5","2024-02-08",,,"51",",,W","39",",,W"
"USW00093225","SACRAMENTO METROPOLITAN AIRPORT, CA US","38.70069","-121.59479","7.5","2024-02-09",,,"56",",,W","36",",,W"
"USW00093225","SACRAMENTO METROPOLITAN AIRPORT, CA US","38.70069","-121.59479","7.5","2024-02-10",,,"62",",,W","43",",,W"
"USW00093225","SACRAMENTO METROPOLITAN AIRPORT, CA US","38.70069","-121.59479","7.5","2024-02-11",,,"60",",,W","39",",,W"
"USW00093225","SACRAMENTO METROPOLITAN AIRPORT, CA US","38.70069","-121.59479","7.5","2024-02-12",,,"62",",,W","38",",,W"
"USW00093225","SACRAMENTO METROPOLITAN AIRPORT, CA US","38.70069","-121.59479","7.5","2024-02-13",,,"61",",,W","41",",,W"
"USW00093225","SACRAMENTO METROPOLITAN AIRPORT, CA US","38.70069","-121.59479","7.5","2024-02-14",,,"60",",,W","50",",,W"
"USW00093225","SACRAMENTO METROPOLITAN AIRPORT, CA US","38.70069","-121.59479","7.5","2024-02-15",,,"63",",,W","51",",,W"
"USW00093225","SACRAMENTO METROPOLITAN AIRPORT, CA US","38.70069","-121.59479","7.5","2024-02-16",,,"59",",,W","49",",,W"
"USW00093225","SACRAMENTO METROPOLITAN AIRPORT, CA US","38.70069","-121.59479","7.5","2024-02-17",,,"59",",,W","48",",,W"
"USW00093225","SACRAMENTO METROPOLITAN AIRPORT, CA US","38.70069","-121.59479","7.5","2024-02-18",,,"68",",,W","51",",,W"
"USW00093225","SACRAMENTO METROPOLITAN AIRPORT, CA US","38.70069","-121.59479","7.5","2024-02-19",,,"65",",,W","53",",,W"
"USW00093225","SACRAMENTO METROPOLITAN AIRPORT, CA US","38.70069","-121.59479","7.5","2024-02-20",,,"64",",,W","51",",,W"
"USW00093225","SACRAMENTO METROPOLITAN AIRPORT, CA US","38.70069","-121.59479","7.5","2024-02-21",,,"60",",,W","47",",,W"
"USW00093225","SACRAMENTO METROPOLITAN AIRPORT, CA US","38.70069","-121.59479","7.5","2024-02-22",,,"64",",,W","41",",,W"
"USW00093225","SACRAMENTO METROPOLITAN AIRPORT, CA US","38.70069","-121.59479","7.5","2024-02-23",,,"67",",,W","45",",,W"
"USW00093225","SACRAMENTO METROPOLITAN AIRPORT, CA US","38.70069","-121.59479","7.5","2024-02-24",,,"70",",,W","43",",,W"
"USW00093225","SACRAMENTO METROPOLITAN AIRPORT, CA US","38.70069","-121.59479","7.5","2024-02-25",,,"69",",,W","44",",,W"
"USW00093225","SACRAMENTO METROPOLITAN AIRPORT, CA US","38.70069","-121.59479","7.5","2024-02-26",,,"67",",,W","46",",,W"
"USW00093225","SACRAMENTO METROPOLITAN AIRPORT, CA US","38.70069","-121.59479","7.5","2024-02-27",,,"63",",,W","43",",,W"
"USW00093225","SACRAMENTO METROPOLITAN AIRPORT, CA US","38.70069","-121.59479","7.5","2024-02-28",,,"65",",,W","38",",,W"
"USW00093225","SACRAMENTO METROPOLITAN AIRPORT, CA US","38.70069","-121.59479","7.5","2024-02-29",,,"61",",,W","50",",,W"
"USW00093225","SACRAMENTO METROPOLITAN AIRPORT, CA US","38.70069","-121.59479","7.5","2024-03-01",,,"60",",,W","50",",,W"
"USW00093225","SACRAMENTO METROPOLITAN AIRPORT, CA US","38.70069","-121.59479","7.5","2024-03-02",,,"54",",,W","43",",,W"
"USW00093225","SACRAMENTO METROPOLITAN AIRPORT, CA US","38.70069","-121.59479","7.5","2024-03-03",,,"56",",,W","44",",,W"
"USW00093225","SACRAMENTO METROPOLITAN AIRPORT, CA US","38.70069","-121.59479","7.5","2024-03-04",,,"57",",,W","41",",,W"
"USW00093225","SACRAMENTO METROPOLITAN AIRPORT, CA US","38.70069","-121.59479","7.5","2024-03-05",,,"62",",,W","47",",,W"
"USW00093225","SACRAMENTO METROPOLITAN AIRPORT, CA US","38.70069","-121.59479","7.5","2024-03-06",,,"65",",,W","48",",,W"
"USW00093225","SACRAMENTO METROPOLITAN AIRPORT, CA US","38.70069","-121.59479","7.5","2024-03-07",,,"66",",,W","41",",,W"
"USW00093225","SACRAMENTO METROPOLITAN AIRPORT, CA US","38.70069","-121.59479","7.5","2024-03-08",,,"66",",,W","41",",,W"
"USW00093225","SACRAMENTO METROPOLITAN AIRPORT, CA US","38.70069","-121.59479","7.5","2024-03-09",,,"64",",,W","47",",,W"
"USW00093225","SACRAMENTO METROPOLITAN AIRPORT, CA US","38.70069","-121.59479","7.5","2024-03-10",,,"64",",,W","50",",,W"
"USW00093225","SACRAMENTO METROPOLITAN AIRPORT, CA US","38.70069","-121.59479","7.5","2024-03-11",,,"64",",,W","52",",,W"
"USW00093225","SACRAMENTO METROPOLITAN AIRPORT, CA US","38.70069","-121.59479","7.5","2024-03-12",,,"63",",,W","48",",,W"
"USW00093225","SACRAMENTO METROPOLITAN AIRPORT, CA US","38.70069","-121.59479","7.5","2024-03-13",,,"66",",,W","44",",,W"
"USW00093225","SACRAMENTO METROPOLITAN AIRPORT, CA US","38.70069","-121.59479","7.5","2024-03-14",,,"69",",,W","49",",,W"
"USW00093225","SACRAMENTO METROPOLITAN AIRPORT, CA US","38.70069","-121.59479","7.5","2024-03-15",,,"76",",,W","48",",,W"
"USW00093225","SACRAMENTO METROPOLITAN AIRPORT, CA US","38.70069","-121.59479","7.5","2024-03-16",,,"75",",,W","40",",,W"
"USW00093225","SACRAMENTO METROPOLITAN AIRPORT, CA US","38.70069","-121.59479","7.5","2024-03-17",,,"74",",,W","43",",,W"
"USW00093225","SACRAMENTO METROPOLITAN AIRPORT, CA US","38.70069","-121.59479","7.5","2024-03-18",,,"76",",,W","49",",,W"
"USW00093225","SACRAMENTO METROPOLITAN AIRPORT, CA US","38.70069","-121.59479","7.5","2024-03-19",,,"76",",,W","52",",,W"
"USW00093225","SACRAMENTO METROPOLITAN AIRPORT, CA US","38.70069","-121.59479","7.5","2024-03-20",,,"75",",,W","49",",,W"
"USW00093225","SACRAMENTO METROPOLITAN AIRPORT, CA US","38.70069","-121.59479","7.5","2024-03-21",,,"71",",,W","50",",,W"
"USW00093225","SACRAMENTO METROPOLITAN AIRPORT, CA US","38.70069","-121.59479","7.5","2024-03-22",,,"68",",,W","52",",,W"
"USW00093225","SACRAMENTO METROPOLITAN AIRPORT, CA US","38.70069","-121.59479","7.5","2024-03-23",,,"62",",,W","50",",,W"
"USW00093225","SACRAMENTO METROPOLITAN AIRPORT, CA US","38.70069","-121.59479","7.5","2024-03-24",,,"68",",,W","47",",,W"
"USW00093225","SACRAMENTO METROPOLITAN AIRPORT, CA US","38.70069","-121.59479","7.5","2024-03-25",,,"65",",,W","42",",,W"
"USW00093225","SACRAMENTO METROPOLITAN AIRPORT, CA US","38.70069","-121.59479","7.5","2024-03-26",,,"67",",,W","44",",,W"
"USW00093225","SACRAMENTO METROPOLITAN AIRPORT, CA US","38.70069","-121.59479","7.5","2024-03-27",,,"60",",,W","49",",,W"
"USW00093225","SACRAMENTO METROPOLITAN AIRPORT, CA US","38.70069","-121.59479","7.5","2024-03-28",,,"64",",,W","47",",,W"
"USW00093225","SACRAMENTO METROPOLITAN AIRPORT, CA US","38.70069","-121.59479","7.5","2024-03-29",,,"57",",,W","47",",,W"
"USW00093225","SACRAMENTO METROPOLITAN AIRPORT, CA US","38.70069","-121.59479","7.5","2024-03-30",,,"64",",,W","44",",,W"
"USW00093225","SACRAMENTO METROPOLITAN AIRPORT, CA US","38.70069","-121.59479","7.5","2024-03-31",,,"69",",,W","49",",,W"
"USW00093225","SACRAMENTO METROPOLITAN AIRPORT, CA US","38.70069","-121.59479","7.5","2024-04-01",,,"77",",,W","45",",,W"
"USW00093225","SACRAMENTO METROPOLITAN AIRPORT, CA US","38.70069","-121.59479","7.5","2024-04-02",,,"76",",,W","45",",,W"
"USW00093225","SACRAMENTO METROPOLITAN AIRPORT, CA US","38.70069","-121.59479","7.5","2024-04-03",,,"70",",,W","46",",,W"
"USW00093225","SACRAMENTO METROPOLITAN AIRPORT, CA US","38.70069","-121.59479","7.5","2024-04-04",,,"52",",,W","38",",,W"
"USW00093225","SACRAMENTO METROPOLITAN AIRPORT, CA US","38.70069","-121.59479","7.5","2024-04-05",,,"58",",,W","37",",,W"
"USW00093225","SACRAMENTO METROPOLITAN AIRPORT, CA US","38.70069","-121.59479","7.5","2024-04-06",,,"62",",,W","42",",,W"
"USW00093225","SACRAMENTO METROPOLITAN AIRPORT, CA US","38.70069","-121.59479","7.5","2024-04-07",,,"68",",,W","38",",,W"
"USW00093225","SACRAMENTO METROPOLITAN AIRPORT, CA US","38.70069","-121.59479","7.5","2024-04-08",,,"77",",,W","42",",,W"
"USW00093225","SACRAMENTO METROPOLITAN AIRPORT, CA US","38.70069","-121.59479","7.5","2024-04-09",,,"79",",,W","42",",,W"
"USW00093225","SACRAMENTO METROPOLITAN AIRPORT, CA US","38.70069","-121.59479","7.5","2024-04-10",,,"82",",,W","49",",,W"
"USW00093225","SACRAMENTO METROPOLITAN AIRPORT, CA US","38.70069","-121.59479","7.5","2024-04-11",,,"83",",,W","51",",,W"
"USW00093225","SACRAMENTO METROPOLITAN AIRPORT, CA US","38.70069","-121.59479","7.5","2024-04-12",,,"71",",,W","55",",,W"
"USW00093225","SACRAMENTO METROPOLITAN AIRPORT, CA US","38.70069","-121.59479","7.5","2024-04-13",,,"59",",,W","47",",,W"
"USW00093225","SACRAMENTO METROPOLITAN AIRPORT, CA US","38.70069","-121.59479","7.5","2024-04-14",,,"61",",,W","44",",,W"
"USW00093225","SACRAMENTO METROPOLITAN AIRPORT, CA US","38.70069","-121.59479","7.5","2024-04-15",,,"70",",,W","49",",,W"
"USW00093225","SACRAMENTO METROPOLITAN AIRPORT, CA US","38.70069","-121.59479","7.5","2024-04-16",,,"78",",,W","48",",,W"
"USW00093225","SACRAMENTO METROPOLITAN AIRPORT, CA US","38.70069","-121.59479","7.5","2024-04-17",,,"80",",,W","52",",,W"
"USW00093225","SACRAMENTO METROPOLITAN AIRPORT, CA US","38.70069","-121.59479","7.5","2024-04-18",,,"82",",,W","52",",,W"
"USW00093225","SACRAMENTO METROPOLITAN AIRPORT, CA US","38.70069","-121.59479","7.5","2024-04-19",,,"81",",,W","54",",,W"
"USW00093225","SACRAMENTO METROPOLITAN AIRPORT, CA US","38.70069","-121.59479","7.5","2024-04-20",,,"83",",,W","53",",,W"
"USW00093225","SACRAMENTO METROPOLITAN AIRPORT, CA US","38.70069","-121.59479","7.5","2024-04-21",,,"88",",,W","51",",,W"
"USW00093225","SACRAMENTO METROPOLITAN AIRPORT, CA US","38.70069","-121.59479","7.5","2024-04-22",,,"88",",,W","53",",,W"
"USW00093225","SACRAMENTO METROPOLITAN AIRPORT, CA US","38.70069","-121.59479","7.5","2024-04-23",,,"71",",,W","55",",,W"
"USW00093225","SACRAMENTO METROPOLITAN AIRPORT, CA US","38.70069","-121.59479","7.5","2024-04-24",,,"71",",,W","54",",,W"
"USW00093225","SACRAMENTO METROPOLITAN AIRPORT, CA US","38.70069","-121.59479","7.5","2024-04-25",,,"71",",,W","53",",,W"
"USW00093225","SACRAMENTO METROPOLITAN AIRPORT, CA US","38.70069","-121.59479","7.5","2024-04-26",,,"74",",,W","52",",,W"
"USW00093225","SACRAMENTO METROPOLITAN AIRPORT, CA US","38.70069","-121.59479","7.5","2024-04-27",,,"77",",,W","45",",,W"
"USW00093225","SACRAMENTO METROPOLITAN AIRPORT, CA US","38.70069","-121.59479","7.5","2024-04-28",,,"80",",,W","47",",,W"
"USW00093225","SACRAMENTO METROPOLITAN AIRPORT, CA US","38.70069","-121.59479","7.5","2024-04-29",,,"82",",,W","47",",,W"
"USW00093225","SACRAMENTO METROPOLITAN AIRPORT, CA US","38.70069","-121.59479","7.5","2024-04-30",,,"81",",,W","47",",,W"
"USW00093225","SACRAMENTO METROPOLITAN AIRPORT, CA US","38.70069","-121.59479","7.5","2024-05-01",,,"83",",,W","56",",,W"
"USW00093225","SACRAMENTO METROPOLITAN AIRPORT, CA US","38.70069","-121.59479","7.5","2024-05-02",,,"86",",,W","50",",,W"
"USW00093225","SACRAMENTO METROPOLITAN AIRPORT, CA US","38.70069","-121.59479","7.5","2024-05-03",,,"84",",,W","52",",,W"
"USW00093225","SACRAMENTO METROPOLITAN AIRPORT, CA US","38.70069","-121.59479","7.5","2024-05-04",,,"59",",,W","47",",,W"
"USW00093225","SACRAMENTO METROPOLITAN AIRPORT, CA US","38.70069","-121.59479","7.5","2024-05-05",,,"67",",,W","44",",,W"
"USW00093225","SACRAMENTO METROPOLITAN AIRPORT, CA US","38.70069","-121.59479","7.5","2024-05-06",,,"72",",,W","47",",,W"
"USW00093225","SACRAMENTO METROPOLITAN AIRPORT, CA US","38.70069","-121.59479","7.5","2024-05-07",,,"78",",,W","46",",,W"
"USW00093225","SACRAMENTO METROPOLITAN AIRPORT, CA US","38.70069","-121.59479","7.5","2024-05-08",,,"82",",,W","56",",,W"
"USW00093225","SACRAMENTO METROPOLITAN AIRPORT, CA US","38.70069","-121.59479","7.5","2024-05-09",,,"88",",,W","56",",,W"
"USW00093225","SACRAMENTO METROPOLITAN AIRPORT, CA US","38.70069","-121.59479","7.5","2024-05-10",,,"95",",,W","54",",,W"
"USW00093225","SACRAMENTO METROPOLITAN AIRPORT, CA US","38.70069","-121.59479","7.5","2024-05-11",,,"96",",,W","52",",,W"
"USW00093225","SACRAMENTO METROPOLITAN AIRPORT, CA US","38.70069","-121.59479","7.5","2024-05-12",,,"89",",,W","57",",,W"
"USW00093225","SACRAMENTO METROPOLITAN AIRPORT, CA US","38.70069","-121.59479","7.5","2024-05-13",,,"90",",,W","55",",,W"
"USW00093225","SACRAMENTO METROPOLITAN AIRPORT, CA US","38.70069","-121.59479","7.5","2024-05-14",,,"93",",,W","53",",,W"
"USW00093225","SACRAMENTO METROPOLITAN AIRPORT, CA US","38.70069","-121.59479","7.5","2024-05-15",,,"94",",,W","56",",,W"
"USW00093225","SACRAMENTO METROPOLITAN AIRPORT, CA US","38.70069","-121.59479","7.5","2024-05-16",,,"82",",,W","56",",,W"
"USW00093225","SACRAMENTO METROPOLITAN AIRPORT, CA US","38.70069","-121.59479","7.5","2024-05-17",,,"86",",,W","53",",,W"
"USW00093225","SACRAMENTO METROPOLITAN AIRPORT, CA US","38.70069","-121.59479","7.5","2024-05-18",,,"82",",,W","55",",,W"
"USW00093225","SACRAMENTO METROPOLITAN AIRPORT, CA US","38.70069","-121.59479","7.5","2024-05-19",,,"84",",,W","53",",,W"
"USW00093225","SACRAMENTO METROPOLITAN AIRPORT, CA US","38.70069","-121.59479","7.5","2024-05-20",,,"84",",,W","51",",,W"
"USW00093225","SACRAMENTO METROPOLITAN AIRPORT, CA US","38.70069","-121.59479","7.5","2024-05-21",,,"90",",,W","56",",,W"
"USW00093225","SACRAMENTO METROPOLITAN AIRPORT, CA US","38.70069","-121.59479","7.5","2024-05-22",,,"89",",,W","54",",,W"
"USW00093225","SACRAMENTO METROPOLITAN AIRPORT, CA US","38.70069","-121.59479","7.5","2024-05-23",,,"88",",,W","54",",,W"
"USW00093225","SACRAMENTO METROPOLITAN AIRPORT, CA US","38.70069","-121.59479","7.5","2024-05-24",,,"77",",,W","53",",,W"
"USW00093225","SACRAMENTO METROPOLITAN AIRPORT, CA US","38.70069","-121.59479","7.5","2024-05-25",,,"75",",,W","53",",,W"
"USW00093225","SACRAMENTO METROPOLITAN AIRPORT, CA US","38.70069","-121.59479","7.5","2024-05-26",,,"86",",,W","52",",,W"
"USW00093225","SACRAMENTO METROPOLITAN AIRPORT, CA US","38.70069","-121.59479","7.5","2024-05-27",,,"89",",,W","56",",,W"
"USW00093225","SACRAMENTO METROPOLITAN AIRPORT, CA US","38.70069","-121.59479","7.5","2024-05-28",,,"87",",,W","55",",,W"
"USW00093225","SACRAMENTO METROPOLITAN AIRPORT, CA US","38.70069","-121.59479","7.5","2024-05-29",,,"89",",,W","54",",,W"
"USW00093225","SACRAMENTO METROPOLITAN AIRPORT, CA US","38.70069","-121.59479","7.5","2024-05-30",,,"92",",,W","58",",,W"
"USW00093225","SACRAMENTO METROPOLITAN AIRPORT, CA US","38.70069","-121.59479","7.5","2024-05-31",,,"97",",,W","59",",,W"
"USW00093225","SACRAMENTO METROPOLITAN AIRPORT, CA US","38.70069","-121.59479","7.5","2024-06-01",,,"89",",,W","57",",,W"
"USW00093225","SACRAMENTO METROPOLITAN AIRPORT, CA US","38.70069","-121.59479","7.5","2024-06-02",,,"89",",,W","60",",,W"
"USW00093225","SACRAMENTO METROPOLITAN AIRPORT, CA US","38.70069","-121.59479","7.5","2024-06-03",,,"88",",,W","65",",,W"
"USW00093225","SACRAMENTO METROPOLITAN AIRPORT, CA US","38.70069","-121.59479","7.5","2024-06-04",,,"102",",,W","58",",,W"
"USW00093225","SACRAMENTO METROPOLITAN AIRPORT, CA US","38.70069","-121.59479","7.5","2024-06-05",,,"104",",,W","67",",,W"
"USW00093225","SACRAMENTO METROPOLITAN AIRPORT, CA US","38.70069","-121.59479","7.5","2024-06-06",,,"101",",,W","68",",,W"
"USW00093225","SACRAMENTO METROPOLITAN AIRPORT, CA US","38.70069","-121.59479","7.5","2024-06-07",,,"94",",,W","60",",,W"
"USW00093225","SACRAMENTO METROPOLITAN AIRPORT, CA US","38.70069","-121.59479","7.5","2024-06-08",,,"87",",,W","58",",,W"
"USW00093225","SACRAMENTO METROPOLITAN AIRPORT, CA US","38.70069","-121.59479","7.5","2024-06-09",,,"89",",,W","58",",,W"
"USW00093225","SACRAMENTO METROPOLITAN AIRPORT, CA US","38.70069","-121.59479","7.5","2024-06-10",,,"97",",,W","57",",,W"
"USW00093225","SACRAMENTO METROPOLITAN AIRPORT, CA US","38.70069","-121.59479","7.5","2024-06-11",,,"102",",,W","61",",,W"
"USW00093225","SACRAMENTO METROPOLITAN AIRPORT, CA US","38.70069","-121.59479","7.5","2024-06-12",,,"100",",,W","62",",,W"
"USW00093225","SACRAMENTO METROPOLITAN AIRPORT, CA US","38.70069","-121.59479","7.5","2024-06-13",,,"86",",,W","57",",,W"
"USW00093225","SACRAMENTO METROPOLITAN AIRPORT, CA US","38.70069","-121.59479","7.5","2024-06-14",,,"92",",,W","55",",,W"
"USW00093225","SACRAMENTO METROPOLITAN AIRPORT, CA US","38.70069","-121.59479","7.5","2024-06-15",,,"90",",,W","59",",,W"
"USW00093225","SACRAMENTO METROPOLITAN AIRPORT, CA US","38.70069","-121.59479","7.5","2024-06-16",,,"91",",,W","59",",,W"
"USW00093225","SACRAMENTO METROPOLITAN AIRPORT, CA US","38.70069","-121.59479","7.5","2024-06-17",,,"85",",,W","60",",,W"
"USW00093225","SACRAMENTO METROPOLITAN AIRPORT, CA US","38.70069","-121.59479","7.5","2024-06-18",,,"89",",,W","61",",,W"
"USW00093225","SACRAMENTO METROPOLITAN AIRPORT, CA US","38.70069","-121.59479","7.5","2024-06-19",,,"91",",,W","58",",,W"
"USW00093225","SACRAMENTO METROPOLITAN AIRPORT, CA US","38.70069","-121.59479","7.5","2024-06-20",,,"91",",,W","54",",,W"
"USW00093225","SACRAMENTO METROPOLITAN AIRPORT, CA US","38.70069","-121.59479","7.5","2024-06-21",,,"95",",,W","56",",,W"
"USW00093225","SACRAMENTO METROPOLITAN AIRPORT, CA US","38.70069","-121.59479","7.5","2024-06-22",,,"102",",,W","60",",,W"
"USW00093225","SACRAMENTO METROPOLITAN AIRPORT, CA US","38.70069","-121.59479","7.5","2024-06-23",,,"101",",,W","71",",,W"
"USW00093225","SACRAMENTO METROPOLITAN AIRPORT, CA US","38.70069","-121.59479","7.5","2024-06-24",,,"101",",,W","68",",,W"
"USW00093225","SACRAMENTO METROPOLITAN AIRPORT, CA US","38.70069","-121.59479","7.5","2024-06-25",,,"97",",,W","68",",,W"
"USW00093225","SACRAMENTO METROPOLITAN AIRPORT, CA US","38.70069","-121.59479","7.5","2024-06-26",,,"95",",,W","61",",,W"
"USW00093225","SACRAMENTO METROPOLITAN AIRPORT, CA US","38.70069","-121.59479","7.5","2024-06-27",,,"91",",,W","60",",,W"
"USW00093225","SACRAMENTO METROPOLITAN AIRPORT, CA US","38.70069","-121.59479","7.5","2024-06-28",,,"97",",,W","57",",,W"
"USW00093225","SACRAMENTO METROPOLITAN AIRPORT, CA US","38.70069","-121.59479","7.5","2024-06-29",,,"98",",,W","62",",,W"
"USW00093225","SACRAMENTO METROPOLITAN AIRPORT, CA US","38.70069","-121.59479","7.5","2024-06-30",,,"99",",,W","65",",,W"
"USW00093225","SACRAMENTO METROPOLITAN AIRPORT, CA US","38.70069","-121.59479","7.5","2024-07-01",,,"104",",,W","62",",,W"
"USW00093225","SACRAMENTO METROPOLITAN AIRPORT, CA US","38.70069","-121.59479","7.5","2024-07-02",,,"105",",,W","76",",,W"
"USW00093225","SACRAMENTO METROPOLITAN AIRPORT, CA US","38.70069","-121.59479","7.5","2024-07-03",,,"106",",,W","71",",,W"
"USW00093225","SACRAMENTO METROPOLITAN AIRPORT, CA US","38.70069","-121.59479","7.5","2024-07-04",,,"108",",,W","71",",,W"
"USW00093225","SACRAMENTO METROPOLITAN AIRPORT, CA US","38.70069","-121.59479","7.5","2024-07-05",,,"109",",,W","65",",,W"
"USW00093225","SACRAMENTO METROPOLITAN AIRPORT, CA US","38.70069","-121.59479","7.5","2024-07-06",,,"112",",,W","68",",,W"
"USW00093225","SACRAMENTO METROPOLITAN AIRPORT, CA US","38.70069","-121.59479","7.5","2024-07-07",,,"106",",,W","70",",,W"
"USW00093225","SACRAMENTO METROPOLITAN AIRPORT, CA US","38.70069","-121.59479","7.5","2024-07-08",,,"103",",,W","63",",,W"
"USW00093225","SACRAMENTO METROPOLITAN AIRPORT, CA US","38.70069","-121.59479","7.5","2024-07-09",,,"98",",,W","62",",,W"
"USW00093225","SACRAMENTO METROPOLITAN AIRPORT, CA US","38.70069","-121.59479","7.5","2024-07-10",,,"107",",,W","62",",,W"
"USW00093225","SACRAMENTO METROPOLITAN AIRPORT, CA US","38.70069","-121.59479","7.5","2024-07-11",,,"111",",,W","66",",,W"
"USW00093225","SACRAMENTO METROPOLITAN AIRPORT, CA US","38.70069","-121.59479","7.5","2024-07-12",,,"111",",,W","73",",,W"
"USW00093225","SACRAMENTO METROPOLITAN AIRPORT, CA US","38.70069","-121.59479","7.5","2024-07-13",,,"102",",,W","68",",,W"
"USW00093225","SACRAMENTO METROPOLITAN AIRPORT, CA US","38.70069","-121.59479","7.5","2024-07-14",,,"100",",,W","66",",,W"
"USW00093225","SACRAMENTO METROPOLITAN AIRPORT, CA US","38.70069","-121.59479","7.5","2024-07-15",,,"96",",,W","63",",,W"
"USW00093225","SACRAMENTO METROPOLITAN AIRPORT, CA US","38.70069","-121.59479","7.5","2024-07-16",,,"91",",,W","61",",,W"
"USW00093225","SACRAMENTO METROPOLITAN AIRPORT, CA US","38.70069","-121.59479","7.5","2024-07-17",,,"94",",,W","57",",,W"
"USW00093225","SACRAMENTO METROPOLITAN AIRPORT, CA US","38.70069","-121.59479","7.5","2024-07-18",,,"104",",,W","60",",,W"
"USW00093225","SACRAMENTO METROPOLITAN AIRPORT, CA US","38.70069","-121.59479","7.5","2024-07-19",,,"106",",,W","64",",,W"
"USW00093225","SACRAMENTO METROPOLITAN AIRPORT, CA US","38.70069","-121.59479","7.5","2024-07-20",,,"105",",,W","66",",,W"
"USW00093225","SACRAMENTO METROPOLITAN AIRPORT, CA US","38.70069","-121.59479","7.5","2024-07-21",,,"97",",,W","65",",,W"
"USW00093225","SACRAMENTO METROPOLITAN AIRPORT, CA US","38.70069","-121.59479","7.5","2024-07-22",,,"107",",,W","62",",,W"
"USW00093225","SACRAMENTO METROPOLITAN AIRPORT, CA US","38.70069","-121.59479","7.5","2024-07-23",,,"109",",,W","77",",,W"
"USW00093225","SACRAMENTO METROPOLITAN AIRPORT, CA US","38.70069","-121.59479","7.5","2024-07-24",,,"107",",,W","76",",,W"
"USW00093225","SACRAMENTO METROPOLITAN AIRPORT, CA US","38.70069","-121.59479","7.5","2024-07-25",,,"103",",,W","70",",,W"
"USW00093225","SACRAMENTO METROPOLITAN AIRPORT, CA US","38.70069","-121.59479","7.5","2024-07-26",,,"102",",,W","59",",,W"
"USW00093225","SACRAMENTO METROPOLITAN AIRPORT, CA US","38.70069","-121.59479","7.5","2024-07-27",,,"78",",,W","58",",,W"
"USW00093225","SACRAMENTO METROPOLITAN AIRPORT, CA US","38.70069","-121.59479","7.5","2024-07-28",,,"89",",,W","57",",,W"
"USW00093225","SACRAMENTO METROPOLITAN AIRPORT, CA US","38.70069","-121.59479","7.5","2024-07-29",,,"91",",,W","59",",,W"
"USW00093225","SACRAMENTO METROPOLITAN AIRPORT, CA US","38.70069","-121.59479","7.5","2024-07-30",,,"94",",,W","62",",,W"
"USW00093225","SACRAMENTO METROPOLITAN AIRPORT, CA US","38.70069","-121.59479","7.5","2024-07-31",,,"99",",,W","63",",,W"
"USW00093225","SACRAMENTO METROPOLITAN AIRPORT, CA US","38.70069","-121.59479","7.5","2024-08-01",,,"103",",,W","64",",,W"
"USW00093225","SACRAMENTO METROPOLITAN AIRPORT, CA US","38.70069","-121.59479","7.5","2024-08-02",,,"99",",,W","66",",,W"
"USW00093225","SACRAMENTO METROPOLITAN AIRPORT, CA US","38.70069","-121.59479","7.5","2024-08-03",,,"103",",,W","73",",,W"
"USW00093225","SACRAMENTO METROPOLITAN AIRPORT, CA US","38.70069","-121.59479","7.5","2024-08-04",,,"102",",,W","66",",,W"
"USW00093225","SACRAMENTO METROPOLITAN AIRPORT, CA US","38.70069","-121.59479","7.5","2024-08-05",,,"97",",,W","60",",,W"
"USW00093225","SACRAMENTO METROPOLITAN AIRPORT, CA US","38.70069","-121.59479","7.5","2024-08-06",,,"103",",,W","59",",,W"
"USW00093225","SACRAMENTO METROPOLITAN AIRPORT, CA US","38.70069","-121.59479","7.5","2024-08-07",,,"104",",,W","61",",,W"
"USW00093225","SACRAMENTO METROPOLITAN AIRPORT, CA US","38.70069","-121.59479","7.5","2024-08-08",,,"97",",,W","63",",,W"
"USW00093225","SACRAMENTO METROPOLITAN AIRPORT, CA US","38.70069","-121.59479","7.5","2024-08-09",,,"100",",,W","60",",,W"
"USW00093225","SACRAMENTO METROPOLITAN AIRPORT, CA US","38.70069","-121.59479","7.5","2024-08-10",,,"99",",,W","59",",,W"
"USW00093225","SACRAMENTO METROPOLITAN AIRPORT, CA US","38.70069","-121.59479","7.5","2024-08-11",,,"94",",,W","62",",,W"
"USW00093225","SACRAMENTO METROPOLITAN AIRPORT, CA US","38.70069","-121.59479","7.5","2024-08-12",,,"91",",,W","58",",,W"
"USW00093225","SACRAMENTO METROPOLITAN AIRPORT, CA US","38.70069","-121.59479","7.5","2024-08-13",,,"92",",,W","60",",,W"
"USW00093225","SACRAMENTO METROPOLITAN AIRPORT, CA US","38.70069","-121.59479","7.5","2024-08-14",,,"97",",,W","63",",,W"
"USW00093225","SACRAMENTO METROPOLITAN AIRPORT, CA US","38.70069","-121.59479","7.5","2024-08-15",,,"94",",,W","64",",,W"
"USW00093225","SACRAMENTO METROPOLITAN AIRPORT, CA US","38.70069","-121.59479","7.5","2024-08-16",,,"95",",,W","65",",,W"
"USW00093225","SACRAMENTO METROPOLITAN AIRPORT, CA US","38.70069","-121.59479","7.5","2024-08-17",,,"88",",,W","63",",,W"
"USW00093225","SACRAMENTO METROPOLITAN AIRPORT, CA US","38.70069","-121.59479","7.5","2024-08-18",,,"88",",,W","61",",,W"
"USW00093225","SACRAMENTO METROPOLITAN AIRPORT, CA US","38.70069","-121.59479","7.5","2024-08-19",,,"91",",,W","62",",,W"
"USW00093225","SACRAMENTO METROPOLITAN AIRPORT, CA US","38.70069","-121.59479","7.5","2024-08-20",,,"95",",,W","55",",,W"
"USW00093225","SACRAMENTO METROPOLITAN AIRPORT, CA US","38.70069","-121.59479","7.5","2024-08-21",,,"92",",,W","64",",,W"
"USW00093225","SACRAMENTO METROPOLITAN AIRPORT, CA US","38.70069","-121.59479","7.5","2024-08-22",,,"86",",,W","61",",,W"
"USW00093225","SACRAMENTO METROPOLITAN AIRPORT, CA US","38.70069","-121.59479","7.5","2024-08-23",,,"78",",,W","58",",,W"
"USW00093225","SACRAMENTO METROPOLITAN AIRPORT, CA US","38.70069","-121.59479","7.5","2024-08-24",,,"78",",,W","61",",,W"
"USW00093225","SACRAMENTO METROPOLITAN AIRPORT, CA US","38.70069","-121.59479","7.5","2024-08-25",,,"89",",,W","56",",,W"
"USW00093225","SACRAMENTO METROPOLITAN AIRPORT, CA US","38.70069","-121.59479","7.5","2024-08-26",,,"94",",,W","59",",,W"
"USW00093225","SACRAMENTO METROPOLITAN AIRPORT, CA US","38.70069","-121.59479","7.5","2024-08-27",,,"99",",,W","58",",,W"
"USW00093225","SACRAMENTO METROPOLITAN AIRPORT, CA US","38.70069","-121.59479","7.5","2024-08-28",,,"100",",,W","61",",,W"
"USW00093225","SACRAMENTO METROPOLITAN AIRPORT, CA US","38.70069","-121.59479","7.5","2024-08-29",,,"98",",,W","62",",,W"
"USW00093225","SACRAMENTO METROPOLITAN AIRPORT, CA US","38.70069","-121.59479","7.5","2024-08-30",,,"98",",,W","62",",,W"
"USW00093225","SACRAMENTO METROPOLITAN AIRPORT, CA US","38.70069","-121.59479","7.5","2024-09-01",,,"95",",,W","62",",,W"
"USW00093225","SACRAMENTO METROPOLITAN AIRPORT, CA US","38.70069","-121.59479","7.5","2024-09-02",,,"92",",,W","61",",,W"
"USW00093225","SACRAMENTO METROPOLITAN AIRPORT, CA US","38.70069","-121.59479","7.5","2024-09-03",,,"100",",,W","56",",,W"
"USW00093225","SACRAMENTO METROPOLITAN AIRPORT, CA US","38.70069","-121.59479","7.5","2024-09-04",,,"104",",,W","61",",,W"
"USW00093225","SACRAMENTO METROPOLITAN AIRPORT, CA US","38.70069","-121.59479","7.5","2024-09-05",,,"103",",,W","67",",,W"
"USW00093225","SACRAMENTO METROPOLITAN AIRPORT, CA US","38.70069","-121.59479","7.5","2024-09-06",,,"105",",,W","63",",,W"
"USW00093225","SACRAMENTO METROPOLITAN AIRPORT, CA US","38.70069","-121.59479","7.5","2024-09-07",,,"100",",,W","70",",,W"
"USW00093225","SACRAMENTO METROPOLITAN AIRPORT, CA US","38.70069","-121.59479","7.5","2024-09-08",,,"100",",,W","59",",,W"
"USW00093225","SACRAMENTO METROPOLITAN AIRPORT, CA US","38.70069","-121.59479","7.5","2024-09-09",,,"101",",,W","63",",,W"
"USW00093225","SACRAMENTO METROPOLITAN AIRPORT, CA US","38.70069","-121.59479","7.5","2024-09-10",,,"88",",,W","60",",,W"
"USW00093225","SACRAMENTO METROPOLITAN AIRPORT, CA US","38.70069","-121.59479","7.5","2024-09-11",,,"89",",,W","58",",,W"
"USW00093225","SACRAMENTO METROPOLITAN AIRPORT, CA US","38.70069","-121.59479","7.5","2024-09-12",,,"89",",,W","54",",,W"
"USW00093225","SACRAMENTO METROPOLITAN AIRPORT, CA US","38.70069","-121.59479","7.5","2024-09-13",,,"94",",,W","57",",,W"
"USW00093225","SACRAMENTO METROPOLITAN AIRPORT, CA US","38.70069","-121.59479","7.5","2024-09-14",,,"95",",,W","61",",,W"
"USW00093225","SACRAMENTO METROPOLITAN AIRPORT, CA US","38.70069","-121.59479","7.5","2024-09-15",,,"81",",,W","59",",,W"
"USW00093225","SACRAMENTO METROPOLITAN AIRPORT, CA US","38.70069","-121.59479","7.5","2024-09-16",,,"73",",,W","58",",,W"
"USW00093225","SACRAMENTO METROPOLITAN AIRPORT, CA US","38.70069","-121.59479","7.5","2024-09-17",,,"78",",,W","59",",,W"
"USW00093225","SACRAMENTO METROPOLITAN AIRPORT, CA US","38.70069","-121.59479","7.5","2024-09-18",,,"78",",,W","61",",,W"
"USW00093225","SACRAMENTO METROPOLITAN AIRPORT, CA US","38.70069","-121.59479","7.5","2024-09-19",,,"90",",,W","56",",,W"
"USW00093225","SACRAMENTO METROPOLITAN AIRPORT, CA US","38.70069","-121.59479","7.5","2024-09-20",,,"94",",,W","58",",,W"
"USW00093225","SACRAMENTO METROPOLITAN AIRPORT, CA US","38.70069","-121.59479","7.5","2024-09-21",,,"90",",,W","57",",,W"
"USW00093225","SACRAMENTO METROPOLITAN AIRPORT, CA US","38.70069","-121.59479","7.5","2024-09-22",,,"95",",,W","58",",,W"
"USW00093225","SACRAMENTO METROPOLITAN AIRPORT, CA US","38.70069","-121.59479","7.5","2024-09-23",,,"99",",,W","58",",,W"
"USW00093225","SACRAMENTO METROPOLITAN AIRPORT, CA US","38.70069","-121.59479","7.5","2024-09-24",,,"102",",,W","61",",,W"
"USW00093225","SACRAMENTO METROPOLITAN AIRPORT, CA US","38.70069","-121.59479","7.5","2024-09-25",,,"86",",,W","60",",,W"
"USW00093225","SACRAMENTO METROPOLITAN AIRPORT, CA US","38.70069","-121.59479","7.5","2024-09-26",,,"89",",,W","52",",,W"
"USW00093225","SACRAMENTO METROPOLITAN AIRPORT, CA US","38.70069","-121.59479","7.5","2024-09-27",,,"96",",,W","53",",,W"
"USW00093225","SACRAMENTO METROPOLITAN AIRPORT, CA US","38.70069","-121.59479","7.5","2024-09-28",,,"97",",,W","56",",,W"
"USW00093225","SACRAMENTO METROPOLITAN AIRPORT, CA US","38.70069","-121.59479","7.5","2024-09-29",,,"90",",,W","57",",,W"
"USW00093225","SACRAMENTO METROPOLITAN AIRPORT, CA US","38.70069","-121.59479","7.5","2024-09-30",,,"93",",,W","53",",,W"
"USW00093225","SACRAMENTO METROPOLITAN AIRPORT, CA US","38.70069","-121.59479","7.5","2024-10-01",,,"102",",,W","59",",,W"
"USW00093225","SACRAMENTO METROPOLITAN AIRPORT, CA US","38.70069","-121.59479","7.5","2024-10-02",,,"104",",,W","62",",,W"
"USW00093225","SACRAMENTO METROPOLITAN AIRPORT, CA US","38.70069","-121.59479","7.5","2024-10-03",,,"102",",,W","58",",,W"
"USW00093225","SACRAMENTO METROPOLITAN AIRPORT, CA US","38.70069","-121.59479","7.5","2024-10-04",,,"100",",,W","65",",,W"
"USW00093225","SACRAMENTO METROPOLITAN AIRPORT, CA US","38.70069","-121.59479","7.5","2024-10-05",,,"101",",,W","61",",,W"
"USW00093225","SACRAMENTO METROPOLITAN AIRPORT, CA US","38.70069","-121.59479","7.5","2024-10-06",,,"102",",,W","63",",,W"
"USW00093225","SACRAMENTO METROPOLITAN AIRPORT, CA US","38.70069","-121.59479","7.5","2024-10-07",,,"102",",,W","63",",,W"
"USW00093225","SACRAMENTO METROPOLITAN AIRPORT, CA US","38.70069","-121.59479","7.5","2024-10-08",,,"102",",,W","61",",,W"
"USW00093225","SACRAMENTO METROPOLITAN AIRPORT, CA US","38.70069","-121.59479","7.5","2024-10-09",,,"86",",,W","59",",,W"
"USW00093225","SACRAMENTO METROPOLITAN AIRPORT, CA US","38.70069","-121.59479","7.5","2024-10-10",,,"87",",,W","53",",,W"
"USW00093225","SACRAMENTO METROPOLITAN AIRPORT, CA US","38.70069","-121.59479","7.5","2024-10-11",,,"85",",,W","50",",,W"
"USW00093225","SACRAMENTO METROPOLITAN AIRPORT, CA US","38.70069","-121.59479","7.5","2024-10-12",,,"81",",,W","58",",,W"
"USW00093225","SACRAMENTO METROPOLITAN AIRPORT, CA US","38.70069","-121.59479","7.5","2024-10-13",,,"85",",,W","57",",,W"
"USW00093225","SACRAMENTO METROPOLITAN AIRPORT, CA US","38.70069","-121.59479","7.5","2024-10-14",,,"87",",,W","59",",,W"
"USW00093225","SACRAMENTO METROPOLITAN AIRPORT, CA US","38.70069","-121.59479","7.5","2024-10-15",,,"87",",,W","54",",,W"
"USW00093225","SACRAMENTO METROPOLITAN AIRPORT, CA US","38.70069","-121.59479","7.5","2024-10-16",,,"78",",,W","61",",,W"
"USW00093225","SACRAMENTO METROPOLITAN AIRPORT, CA US","38.70069","-121.59479","7.5","2024-10-17",,,"78",",,W","55",",,W"
"USW00093225","SACRAMENTO METROPOLITAN AIRPORT, CA US","38.70069","-121.59479","7.5","2024-10-18",,,"79",",,W","53",",,W"
"USW00093225","SACRAMENTO METROPOLITAN AIRPORT, CA US","38.70069","-121.59479","7.5","2024-10-19",,,"80",",,W","47",",,W"
"USW00093225","SACRAMENTO METROPOLITAN AIRPORT, CA US","38.70069","-121.59479","7.5","2024-10-20",,,"81",",,W","45",",,W"
"USW00093225","SACRAMENTO METROPOLITAN AIRPORT, CA US","38.70069","-121.59479","7.5","2024-10-21",,,"80",",,W","55",",,W"
"USW00093225","SACRAMENTO METROPOLITAN AIRPORT, CA US","38.70069","-121.59479","7.5","2024-10-22",,,"78",",,W","48",",,W"
"USW00093225","SACRAMENTO METROPOLITAN AIRPORT, CA US","38.70069","-121.59479","7.5","2024-10-23",,,"82",",,W","45",",,W"
"USW00093225","SACRAMENTO METROPOLITAN AIRPORT, CA US","38.70069","-121.59479","7.5","2024-10-24",,,"79",",,W","50",",,W"
"USW00093225","SACRAMENTO METROPOLITAN AIRPORT, CA US","38.70069","-121.59479","7.5","2024-10-25",,,"79",",,W","44",",,W"
"USW00093225","SACRAMENTO METROPOLITAN AIRPORT, CA US","38.70069","-121.59479","7.5","2024-10-26",,,"82",",,W","44",",,W"
"USW00093225","SACRAMENTO METROPOLITAN AIRPORT, CA US","38.70069","-121.59479","7.5","2024-10-27",,,"80",",,W","57",",,W"
"USW00093225","SACRAMENTO METROPOLITAN AIRPORT, CA US","38.70069","-121.59479","7.5","2024-10-28",,,"71",",,W","43",",,W"
"USW00093225","SACRAMENTO METROPOLITAN AIRPORT, CA US","38.70069","-121.59479","7.5","2024-10-29",,,"72",",,W","42",",,W"
"USW00093225","SACRAMENTO METROPOLITAN AIRPORT, CA US","38.70069","-121.59479","7.5","2024-10-30",,,"69",",,W","41",",,W"
"USW00093225","SACRAMENTO METROPOLITAN AIRPORT, CA US","38.70069","-121.59479","7.5","2024-10-31",,,"67",",,W","48",",,W"
"USW00093225","SACRAMENTO METROPOLITAN AIRPORT, CA US","38.70069","-121.59479","7.5","2024-11-01",,,"70",",,W","40",",,W"
"USW00093225","SACRAMENTO METROPOLITAN AIRPORT, CA US","38.70069","-121.59479","7.5","2024-11-02",,,"64",",,W","48",",,W"
"USW00093225","SACRAMENTO METROPOLITAN AIRPORT, CA US","38.70069","-121.59479","7.5","2024-11-03",,,"71",",,W","44",",,W"
"USW00093225","SACRAMENTO METROPOLITAN AIRPORT, CA US","38.70069","-121.59479","7.5","2024-11-04",,,"72",",,W","50",",,W"
"USW00093225","SACRAMENTO METROPOLITAN AIRPORT, CA US","38.70069","-121.59479","7.5","2024-11-05",,,"73",",,W","45",",,W"
"USW00093225","SACRAMENTO METROPOLITAN AIRPORT, CA US","38.70069","-121.59479","7.5","2024-11-06",,,"72",",,W","46",",,W"
"USW00093225","SACRAMENTO METROPOLITAN AIRPORT, CA US","38.70069","-121.59479","7.5","2024-11-07",,,"73",",,W","38",",,W"
"USW00093225","SACRAMENTO METROPOLITAN AIRPORT, CA US","38.70069","-121.59479","7.5","2024-11-08",,,"72",",,W","40",",,W"
"USW00093225","SACRAMENTO METROPOLITAN AIRPORT, CA US","38.70069","-121.59479","7.5","2024-11-09",,,"71",",,W","40",",,W"
"USW00093225","SACRAMENTO METROPOLITAN AIRPORT, CA US","38.70069","-121.59479","7.5","2024-11-10",,,"72",",,W","40",",,W"
"USW00093225","SACRAMENTO METROPOLITAN AIRPORT, CA US","38.70069","-121.59479","7.5","2024-11-11",,,"61",",,W","47",",,W"
"USW00093225","SACRAMENTO METROPOLITAN AIRPORT, CA US","38.70069","-121.59479","7.5","2024-11-12",,,"63",",,W","35",",,W"
"USW00093225","SACRAMENTO METROPOLITAN AIRPORT, CA US","38.70069","-121.59479","7.5","2024-11-13",,,"62",",,W","43",",,W"
"USW00093225","SACRAMENTO METROPOLITAN AIRPORT, CA US","38.70069","-121.59479","7.5","2024-11-14",,,"64",",,W","44",",,W"
"USW00093225","SACRAMENTO METROPOLITAN AIRPORT, CA US","38.70069","-121.59479","7.5","2024-11-15",,,"62",",,W","39",",,W"
"USW00093225","SACRAMENTO METROPOLITAN AIRPORT, CA US","38.70069","-121.59479","7.5","2024-11-16",,,"62",",,W","38",",,W"
"USW00093225","SACRAMENTO METROPOLITAN AIRPORT, CA US","38.70069","-121.59479","7.5","2024-11-17",,,"62",",,W","37",",,W"
"USW00093225","SACRAMENTO METROPOLITAN AIRPORT, CA US","38.70069","-121.59479","7.5","2024-11-18",,,"61",",,W","37",",,W"
"USW00093225","SACRAMENTO METROPOLITAN AIRPORT, CA US","38.70069","-121.59479","7.5","2024-11-19",,,"57",",,W","34",",,W"
"USW00093225","SACRAMENTO METROPOLITAN AIRPORT, CA US","38.70069","-121.59479","7.5","2024-11-20",,,"61",",,W","52",",,W"
"USW00093225","SACRAMENTO METROPOLITAN AIRPORT, CA US","38.70069","-121.59479","7.5","2024-11-21",,,"62",",,W","52",",,W"
"USW00093225","SACRAMENTO METROPOLITAN AIRPORT, CA US","38.70069","-121.59479","7.5","2024-11-22",,,"62",",,W","53",",,W"
"USW00093225","SACRAMENTO METROPOLITAN AIRPORT, CA US","38.70069","-121.59479","7.5","2024-11-23",,,"61",",,W","45",",,W"
"USW00093225","SACRAMENTO METROPOLITAN AIRPORT, CA US","38.70069","-121.59479","7.5","2024-11-24",,,"62",",,W","42",",,W"
"USW00093225","SACRAMENTO METROPOLITAN AIRPORT, CA US","38.70069","-121.59479","7.5","2024-11-25",,,"59",",,W","48",",,W"
"USW00093225","SACRAMENTO METROPOLITAN AIRPORT, CA US","38.70069","-121.59479","7.5","2024-11-26",,,"62",",,W","44",",,W"
"USW00093225","SACRAMENTO METROPOLITAN AIRPORT, CA US","38.70069","-121.59479","7.5","2024-11-27",,,"60",",,W","43",",,W"
"USW00093225","SACRAMENTO METROPOLITAN AIRPORT, CA US","38.70069","-121.59479","7.5","2024-11-28",,,"59",",,W","34",",,W"
"USW00093225","SACRAMENTO METROPOLITAN AIRPORT, CA US","38.70069","-121.59479","7.5","2024-11-29",,,"59",",,W","35",",,W"
"USW00093225","SACRAMENTO METROPOLITAN AIRPORT, CA US","38.70069","-121.59479","7.5","2024-11-30",,,"58",",,W","32",",,W"
"USW00093225","SACRAMENTO METROPOLITAN AIRPORT, CA US","38.70069","-121.59479","7.5","2024-12-01",,,"58",",,W","41",",,W"
"USW00093225","SACRAMENTO METROPOLITAN AIRPORT, CA US","38.70069","-121.59479","7.5","2024-12-02",,,"63",",,W","37",",,W"
"USW00093225","SACRAMENTO METROPOLITAN AIRPORT, CA US","38.70069","-121.59479","7.5","2024-12-03",,,"65",",,W","39",",,W"
"USW00093225","SACRAMENTO METROPOLITAN AIRPORT, CA US","38.70069","-121.59479","7.5","2024-12-04",,,"66",",,W","39",",,W"
"USW00093225","SACRAMENTO METROPOLITAN AIRPORT, CA US","38.70069","-121.59479","7.5","2024-12-05",,,"65",",,W","40",",,W"
"USW00093225","SACRAMENTO METROPOLITAN AIRPORT, CA US","38.70069","-121.59479","7.5","2024-12-06",,,"65",",,W","40",",,W"
"USW00093225","SACRAMENTO METROPOLITAN AIRPORT, CA US","38.70069","-121.59479","7.5","2024-12-07",,,"62",",,W","37",",,W"
"USW00093225","SACRAMENTO METROPOLITAN AIRPORT, CA US","38.70069","-121.59479","7.5","2024-12-08",,,"68",",,W","37",",,W"
"USW00093225","SACRAMENTO METROPOLITAN AIRPORT, CA US","38.70069","-121.59479","7.5","2024-12-09",,,"65",",,W","33",",,W"
"USW00093225","SACRAMENTO METROPOLITAN AIRPORT, CA US","38.70069","-121.59479","7.5","2024-12-10",,,"57",",,W","31",",,W"
"USW00093225","SACRAMENTO METROPOLITAN AIRPORT, CA US","38.70069","-121.59479","7.5","2024-12-11",,,"57",",,W","34",",,W"
"USW00093225","SACRAMENTO METROPOLITAN AIRPORT, CA US","38.70069","-121.59479","7.5","2024-12-12",,,"56",",,W","37",",,W"
"USW00093225","SACRAMENTO METROPOLITAN AIRPORT, CA US","38.70069","-121.59479","7.5","2024-12-13",,,"58",",,W","50",",,W"
"USW00093225","SACRAMENTO METROPOLITAN AIRPORT, CA US","38.70069","-121.59479","7.5","2024-12-14",,,"61",",,W","48",",,W"
"USW00093225","SACRAMENTO METROPOLITAN AIRPORT, CA US","38.70069","-121.59479","7.5","2024-12-15",,,"50",",,W","38",",,W"
"USW00093225","SACRAMENTO METROPOLITAN AIRPORT, CA US","38.70069","-121.59479","7.5","2024-12-16",,,"53",",,W","43",",,W"
"USW00093225","SACRAMENTO METROPOLITAN AIRPORT, CA US","38.70069","-121.59479","7.5","2024-12-17",,,"58",",,W","44",",,W"
"USW00093225","SACRAMENTO METROPOLITAN AIRPORT, CA US","38.70069","-121.59479","7.5","2024-12-18",,,"52",",,W","40",",,W"
"USW00093225","SACRAMENTO METROPOLITAN AIRPORT, CA US","38.70069","-121.59479","7.5","2024-12-19",,,"49",",,W","41",",,W"
"USW00093225","SACRAMENTO METROPOLITAN AIRPORT, CA US","38.70069","-121.59479","7.5","2024-12-20",,,"48",",,W","45",",,W"
"USW00093225","SACRAMENTO METROPOLITAN AIRPORT, CA US","38.70069","-121.59479","7.5","2024-12-21",,,"55",",,W","47",",,W"
"USW00093225","SACRAMENTO METROPOLITAN AIRPORT, CA US","38.70069","-121.59479","7.5","2024-12-22",,,"58",",,W","51",",,W"
"USW00093225","SACRAMENTO METROPOLITAN AIRPORT, CA US","38.70069","-121.59479","7.5","2024-12-23",,,"60",",,W","54",",,W"
"USW00093225","SACRAMENTO METROPOLITAN AIRPORT, CA US","38.70069","-121.59479","7.5","2024-12-24",,,"61",",,W","43",",,W"
"USW00093225","SACRAMENTO METROPOLITAN AIRPORT, CA US","38.70069","-121.59479","7.5","2024-12-25",,,"53",",,W","39",",,W"
"USW00093225","SACRAMENTO METROPOLITAN AIRPORT, CA US","38.70069","-121.59479","7.5","2024-12-26",,,"58",",,W","50",",,W"
"USW00093225","SACRAMENTO METROPOLITAN AIRPORT, CA US","38.70069","-121.59479","7.5","2024-12-27",,,"61",",,W","53",",,W"
"USW00093225","SACRAMENTO METROPOLITAN AIRPORT, CA US","38.70069","-121.59479","7.5","2024-12-28",,,"67",",,W","56",",,W"
"USW00093225","SACRAMENTO METROPOLITAN AIRPORT, CA US","38.70069","-121.59479","7.5","2024-12-29",,,"66",",,W","49",",,W"
"USW00093225","SACRAMENTO METROPOLITAN AIRPORT, CA US","38.70069","-121.59479","7.5","2024-12-30",,,"58",",,W","42",",,W"
"USW00093225","SACRAMENTO METROPOLITAN AIRPORT, CA US","38.70069","-121.59479","7.5","2024-12-31",,,"57",",,W","37",",,W"
